#SampleID	Species	Population	ReplicateID	Replicate	Description	BarcodeSequence	LinkerPrimerSequence	ReversePrimer
Bg26.1.1	Bg	Bg26	Bg26_1	1	Bg26_1_1	AGCCTTCGTCGC	TATGGTAATTGTGTGYCAGCMGCCGCGGTAA	AGTCAGCCAGCCGGACTACNVGGGTWTCTAAT
Bg26.2.1	Bg	Bg26	Bg26_2	1	Bg26_2_1	TCCATACCGGAA	TATGGTAATTGTGTGYCAGCMGCCGCGGTAA	AGTCAGCCAGCCGGACTACNVGGGTWTCTAAT
Bg26.3.1	Bg	Bg26	Bg26_3	1	Bg26_3_1	AGCCCTGCTACA	TATGGTAATTGTGTGYCAGCMGCCGCGGTAA	AGTCAGCCAGCCGGACTACNVGGGTWTCTAAT
Bg26.4.1	Bg	Bg26	Bg26_4	1	Bg26_4_1	CCTAACGGTCCA	TATGGTAATTGTGTGYCAGCMGCCGCGGTAA	AGTCAGCCAGCCGGACTACNVGGGTWTCTAAT
Bg26.5.1	Bg	Bg26	Bg26_5	1	Bg26_5_1	CGCGCCTTAAAC	TATGGTAATTGTGTGYCAGCMGCCGCGGTAA	AGTCAGCCAGCCGGACTACNVGGGTWTCTAAT
Bg26.Water.1	Water	Water	Bg26_Water	1	Bg26_Water_1	TATGGTACCCAG	TATGGTAATTGTGTGYCAGCMGCCGCGGTAA	AGTCAGCCAGCCGGACTACNVGGGTWTCTAAT
Bg26.1.2	Bg	Bg26	Bg26_1	2	Bg26_1_2	TACAATATCTGT	TATGGTAATTGTGTGYCAGCMGCCGCGGTAA	AGTCAGCCAGCCGGACTACNVGGGTWTCTAAT
Bg26.2.2	Bg	Bg26	Bg26_2	2	Bg26_2_2	AATTTAGGTAGG	TATGGTAATTGTGTGYCAGCMGCCGCGGTAA	AGTCAGCCAGCCGGACTACNVGGGTWTCTAAT
Bg26.3.2	Bg	Bg26	Bg26_3	2	Bg26_3_2	GACTCAACCAGT	TATGGTAATTGTGTGYCAGCMGCCGCGGTAA	AGTCAGCCAGCCGGACTACNVGGGTWTCTAAT
Bg26.4.2	Bg	Bg26	Bg26_4	2	Bg26_4_2	GCCTCTACGTCG	TATGGTAATTGTGTGYCAGCMGCCGCGGTAA	AGTCAGCCAGCCGGACTACNVGGGTWTCTAAT
Bg26.5.2	Bg	Bg26	Bg26_5	2	Bg26_5_2	ACTACTGAGGAT	TATGGTAATTGTGTGYCAGCMGCCGCGGTAA	AGTCAGCCAGCCGGACTACNVGGGTWTCTAAT
Bg26.Water.2	Water	Water	Bg26_Water	2	Bg26_Water_2	AATTCACCTCCT	TATGGTAATTGTGTGYCAGCMGCCGCGGTAA	AGTCAGCCAGCCGGACTACNVGGGTWTCTAAT
Bg36.1.1	Bg	Bg36	Bg36_1	1	Bg36_1_1	CGTATAAATGCG	TATGGTAATTGTGTGYCAGCMGCCGCGGTAA	AGTCAGCCAGCCGGACTACNVGGGTWTCTAAT
Bg36.2.1	Bg	Bg36	Bg36_2	1	Bg36_2_1	ATGCTGCAACAC	TATGGTAATTGTGTGYCAGCMGCCGCGGTAA	AGTCAGCCAGCCGGACTACNVGGGTWTCTAAT
Bg36.3.1	Bg	Bg36	Bg36_3	1	Bg36_3_1	ACTCGCTCGCTG	TATGGTAATTGTGTGYCAGCMGCCGCGGTAA	AGTCAGCCAGCCGGACTACNVGGGTWTCTAAT
Bg36.4.1	Bg	Bg36	Bg36_4	1	Bg36_4_1	TTCCTTAGTAGT	TATGGTAATTGTGTGYCAGCMGCCGCGGTAA	AGTCAGCCAGCCGGACTACNVGGGTWTCTAAT
Bg36.5.1	Bg	Bg36	Bg36_5	1	Bg36_5_1	CGTCCGTATGAA	TATGGTAATTGTGTGYCAGCMGCCGCGGTAA	AGTCAGCCAGCCGGACTACNVGGGTWTCTAAT
Bg36.Water.1	Water	Water	Bg36_Water	1	Bg36_Water_1	ACGTGAGGAACG	TATGGTAATTGTGTGYCAGCMGCCGCGGTAA	AGTCAGCCAGCCGGACTACNVGGGTWTCTAAT
Bg36.1.2	Bg	Bg36	Bg36_1	2	Bg36_1_2	GGTTGCCCTGTA	TATGGTAATTGTGTGYCAGCMGCCGCGGTAA	AGTCAGCCAGCCGGACTACNVGGGTWTCTAAT
Bg36.2.2	Bg	Bg36	Bg36_2	2	Bg36_2_2	CATATAGCCCGA	TATGGTAATTGTGTGYCAGCMGCCGCGGTAA	AGTCAGCCAGCCGGACTACNVGGGTWTCTAAT
Bg36.3.2	Bg	Bg36	Bg36_3	2	Bg36_3_2	GCCTATGAGATC	TATGGTAATTGTGTGYCAGCMGCCGCGGTAA	AGTCAGCCAGCCGGACTACNVGGGTWTCTAAT
Bg36.4.2	Bg	Bg36	Bg36_4	2	Bg36_4_2	CAAGTGAAGGGA	TATGGTAATTGTGTGYCAGCMGCCGCGGTAA	AGTCAGCCAGCCGGACTACNVGGGTWTCTAAT
Bg36.5.2	Bg	Bg36	Bg36_5	2	Bg36_5_2	CACGTTTATTCC	TATGGTAATTGTGTGYCAGCMGCCGCGGTAA	AGTCAGCCAGCCGGACTACNVGGGTWTCTAAT
Bg36.Water.2	Water	Water	Bg36_Water	2	Bg36_Water_2	TAATCGGTGCCA	TATGGTAATTGTGTGYCAGCMGCCGCGGTAA	AGTCAGCCAGCCGGACTACNVGGGTWTCTAAT
Bg121.1.1	Bg	Bg121	Bg121_1	1	Bg121_1_1	TGACTAATGGCC	TATGGTAATTGTGTGYCAGCMGCCGCGGTAA	AGTCAGCCAGCCGGACTACNVGGGTWTCTAAT
Bg121.2.1	Bg	Bg121	Bg121_2	1	Bg121_2_1	CGGGACACCCGA	TATGGTAATTGTGTGYCAGCMGCCGCGGTAA	AGTCAGCCAGCCGGACTACNVGGGTWTCTAAT
Bg121.3.1	Bg	Bg121	Bg121_3	1	Bg121_3_1	CTGTCTATACTA	TATGGTAATTGTGTGYCAGCMGCCGCGGTAA	AGTCAGCCAGCCGGACTACNVGGGTWTCTAAT
Bg121.4.1	Bg	Bg121	Bg121_4	1	Bg121_4_1	TATGCCAGAGAT	TATGGTAATTGTGTGYCAGCMGCCGCGGTAA	AGTCAGCCAGCCGGACTACNVGGGTWTCTAAT
Bg121.5.1	Bg	Bg121	Bg121_5	1	Bg121_5_1	CGTTTGGAATGA	TATGGTAATTGTGTGYCAGCMGCCGCGGTAA	AGTCAGCCAGCCGGACTACNVGGGTWTCTAAT
Bg121.Water.1	Water	Water	Bg121_Water	1	Bg121_Water_1	AAGAACTCATGA	TATGGTAATTGTGTGYCAGCMGCCGCGGTAA	AGTCAGCCAGCCGGACTACNVGGGTWTCTAAT
Bg121.1.2	Bg	Bg121	Bg121_1	2	Bg121_1_2	TGATATCGTCTT	TATGGTAATTGTGTGYCAGCMGCCGCGGTAA	AGTCAGCCAGCCGGACTACNVGGGTWTCTAAT
Bg121.2.2	Bg	Bg121	Bg121_2	2	Bg121_2_2	CGGTGACCTACT	TATGGTAATTGTGTGYCAGCMGCCGCGGTAA	AGTCAGCCAGCCGGACTACNVGGGTWTCTAAT
Bg121.3.2	Bg	Bg121	Bg121_3	2	Bg121_3_2	AATGCGCGTATA	TATGGTAATTGTGTGYCAGCMGCCGCGGTAA	AGTCAGCCAGCCGGACTACNVGGGTWTCTAAT
Bg121.4.2	Bg	Bg121	Bg121_4	2	Bg121_4_2	CTTGATTCTTGA	TATGGTAATTGTGTGYCAGCMGCCGCGGTAA	AGTCAGCCAGCCGGACTACNVGGGTWTCTAAT
Bg121.5.2	Bg	Bg121	Bg121_5	2	Bg121_5_2	GAAATCTTGAAG	TATGGTAATTGTGTGYCAGCMGCCGCGGTAA	AGTCAGCCAGCCGGACTACNVGGGTWTCTAAT
Bg121.Water.2	Water	Water	Bg121_Water	2	Bg121_Water_2	GAGATACAGTTC	TATGGTAATTGTGTGYCAGCMGCCGCGGTAA	AGTCAGCCAGCCGGACTACNVGGGTWTCTAAT
BgNMRI.1.1	Bg	BgNMRI	BgNMRI_1	1	BgNMRI_1_1	GTGGAGTCTCAT	TATGGTAATTGTGTGYCAGCMGCCGCGGTAA	AGTCAGCCAGCCGGACTACNVGGGTWTCTAAT
BgNMRI.2.1	Bg	BgNMRI	BgNMRI_2	1	BgNMRI_2_1	ACCTTACACCTT	TATGGTAATTGTGTGYCAGCMGCCGCGGTAA	AGTCAGCCAGCCGGACTACNVGGGTWTCTAAT
BgNMRI.3.1	Bg	BgNMRI	BgNMRI_3	1	BgNMRI_3_1	TAATCTCGCCGG	TATGGTAATTGTGTGYCAGCMGCCGCGGTAA	AGTCAGCCAGCCGGACTACNVGGGTWTCTAAT
BgNMRI.4.1	Bg	BgNMRI	BgNMRI_4	1	BgNMRI_4_1	ATCTAGTGGCAA	TATGGTAATTGTGTGYCAGCMGCCGCGGTAA	AGTCAGCCAGCCGGACTACNVGGGTWTCTAAT
BgNMRI.5.1	Bg	BgNMRI	BgNMRI_5	1	BgNMRI_5_1	ACGCTTAACGAC	TATGGTAATTGTGTGYCAGCMGCCGCGGTAA	AGTCAGCCAGCCGGACTACNVGGGTWTCTAAT
BgNMRI.Water.1	Water	Water	BgNMRI_Water	1	BgNMRI_Water_1	TACGGATTATGG	TATGGTAATTGTGTGYCAGCMGCCGCGGTAA	AGTCAGCCAGCCGGACTACNVGGGTWTCTAAT
BgNMRI.1.2	Bg	BgNMRI	BgNMRI_1	2	BgNMRI_1_2	ATACATGCAAGA	TATGGTAATTGTGTGYCAGCMGCCGCGGTAA	AGTCAGCCAGCCGGACTACNVGGGTWTCTAAT
BgNMRI.2.2	Bg	BgNMRI	BgNMRI_2	2	BgNMRI_2_2	CTTAGTGCAGAA	TATGGTAATTGTGTGYCAGCMGCCGCGGTAA	AGTCAGCCAGCCGGACTACNVGGGTWTCTAAT
BgNMRI.3.2	Bg	BgNMRI	BgNMRI_3	2	BgNMRI_3_2	AATCTTGCGCCG	TATGGTAATTGTGTGYCAGCMGCCGCGGTAA	AGTCAGCCAGCCGGACTACNVGGGTWTCTAAT
BgNMRI.4.2	Bg	BgNMRI	BgNMRI_4	2	BgNMRI_4_2	AGGATCAGGGAA	TATGGTAATTGTGTGYCAGCMGCCGCGGTAA	AGTCAGCCAGCCGGACTACNVGGGTWTCTAAT
BgNMRI.5.2	Bg	BgNMRI	BgNMRI_5	2	BgNMRI_5_2	AATAACTAGGGT	TATGGTAATTGTGTGYCAGCMGCCGCGGTAA	AGTCAGCCAGCCGGACTACNVGGGTWTCTAAT
BgNMRI.Water.2	Water	Water	BgNMRI_Water	2	BgNMRI_Water_2	TATTGCAGCAGC	TATGGTAATTGTGTGYCAGCMGCCGCGGTAA	AGTCAGCCAGCCGGACTACNVGGGTWTCTAAT
BgBRE.1.1	Bg	BgBRE	BgBRE_1	1	BgBRE_1_1	TGATGTGCTAAG	TATGGTAATTGTGTGYCAGCMGCCGCGGTAA	AGTCAGCCAGCCGGACTACNVGGGTWTCTAAT
BgBRE.2.1	Bg	BgBRE	BgBRE_2	1	BgBRE_2_1	GTAGTAGACCAT	TATGGTAATTGTGTGYCAGCMGCCGCGGTAA	AGTCAGCCAGCCGGACTACNVGGGTWTCTAAT
BgBRE.3.1	Bg	BgBRE	BgBRE_3	1	BgBRE_3_1	AGTAAAGATCGT	TATGGTAATTGTGTGYCAGCMGCCGCGGTAA	AGTCAGCCAGCCGGACTACNVGGGTWTCTAAT
BgBRE.4.1	Bg	BgBRE	BgBRE_4	1	BgBRE_4_1	CTCGCCCTCGCC	TATGGTAATTGTGTGYCAGCMGCCGCGGTAA	AGTCAGCCAGCCGGACTACNVGGGTWTCTAAT
BgBRE.5.1	Bg	BgBRE	BgBRE_5	1	BgBRE_5_1	TCTCTTTCGACA	TATGGTAATTGTGTGYCAGCMGCCGCGGTAA	AGTCAGCCAGCCGGACTACNVGGGTWTCTAAT
BgBRE.Water.1	Water	Water	BgBRE_Water	1	BgBRE_Water_1	ACATACTGAGCA	TATGGTAATTGTGTGYCAGCMGCCGCGGTAA	AGTCAGCCAGCCGGACTACNVGGGTWTCTAAT
BgBRE.1.2	Bg	BgBRE	BgBRE_1	2	BgBRE_1_2	GTTGATACGATG	TATGGTAATTGTGTGYCAGCMGCCGCGGTAA	AGTCAGCCAGCCGGACTACNVGGGTWTCTAAT
BgBRE.2.2	Bg	BgBRE	BgBRE_2	2	BgBRE_2_2	GTCAACGCTGTC	TATGGTAATTGTGTGYCAGCMGCCGCGGTAA	AGTCAGCCAGCCGGACTACNVGGGTWTCTAAT
BgBRE.3.2	Bg	BgBRE	BgBRE_3	2	BgBRE_3_2	TGAGACCCTACA	TATGGTAATTGTGTGYCAGCMGCCGCGGTAA	AGTCAGCCAGCCGGACTACNVGGGTWTCTAAT
BgBRE.4.2	Bg	BgBRE	BgBRE_4	2	BgBRE_4_2	ACTTGGTGTAAG	TATGGTAATTGTGTGYCAGCMGCCGCGGTAA	AGTCAGCCAGCCGGACTACNVGGGTWTCTAAT
BgBRE.5.2	Bg	BgBRE	BgBRE_5	2	BgBRE_5_2	ATTACGTATCAT	TATGGTAATTGTGTGYCAGCMGCCGCGGTAA	AGTCAGCCAGCCGGACTACNVGGGTWTCTAAT
BgBRE.Water.2	Water	Water	BgBRE_Water	2	BgBRE_Water_2	CACGCAGTCTAC	TATGGTAATTGTGTGYCAGCMGCCGCGGTAA	AGTCAGCCAGCCGGACTACNVGGGTWTCTAAT
BgBS90.1.1	Bg	BgBS90	BgBS90_1	1	BgBS90_1_1	TGTGCACGCCAT	TATGGTAATTGTGTGYCAGCMGCCGCGGTAA	AGTCAGCCAGCCGGACTACNVGGGTWTCTAAT
BgBS90.2.1	Bg	BgBS90	BgBS90_2	1	BgBS90_2_1	CCGGACAAGAAG	TATGGTAATTGTGTGYCAGCMGCCGCGGTAA	AGTCAGCCAGCCGGACTACNVGGGTWTCTAAT
BgBS90.3.1	Bg	BgBS90	BgBS90_3	1	BgBS90_3_1	TTGCTGGACGCT	TATGGTAATTGTGTGYCAGCMGCCGCGGTAA	AGTCAGCCAGCCGGACTACNVGGGTWTCTAAT
BgBS90.4.1	Bg	BgBS90	BgBS90_4	1	BgBS90_4_1	TACTAACGCGGT	TATGGTAATTGTGTGYCAGCMGCCGCGGTAA	AGTCAGCCAGCCGGACTACNVGGGTWTCTAAT
BgBS90.5.1	Bg	BgBS90	BgBS90_5	1	BgBS90_5_1	GCGATCACACCT	TATGGTAATTGTGTGYCAGCMGCCGCGGTAA	AGTCAGCCAGCCGGACTACNVGGGTWTCTAAT
BgBS90.Water.1	Water	Water	BgBS90_Water	1	BgBS90_Water_1	CAAACGCACTAA	TATGGTAATTGTGTGYCAGCMGCCGCGGTAA	AGTCAGCCAGCCGGACTACNVGGGTWTCTAAT
BgBS90.1.2	Bg	BgBS90	BgBS90_1	2	BgBS90_1_2	GAAGAGGGTTGA	TATGGTAATTGTGTGYCAGCMGCCGCGGTAA	AGTCAGCCAGCCGGACTACNVGGGTWTCTAAT
BgBS90.2.2	Bg	BgBS90	BgBS90_2	2	BgBS90_2_2	TGAGTGGTCTGT	TATGGTAATTGTGTGYCAGCMGCCGCGGTAA	AGTCAGCCAGCCGGACTACNVGGGTWTCTAAT
BgBS90.3.2	Bg	BgBS90	BgBS90_3	2	BgBS90_3_2	TTACACAAAGGC	TATGGTAATTGTGTGYCAGCMGCCGCGGTAA	AGTCAGCCAGCCGGACTACNVGGGTWTCTAAT
BgBS90.4.2	Bg	BgBS90	BgBS90_4	2	BgBS90_4_2	ACGACGCATTTG	TATGGTAATTGTGTGYCAGCMGCCGCGGTAA	AGTCAGCCAGCCGGACTACNVGGGTWTCTAAT
BgBS90.5.2	Bg	BgBS90	BgBS90_5	2	BgBS90_5_2	TATCCAAGCGCA	TATGGTAATTGTGTGYCAGCMGCCGCGGTAA	AGTCAGCCAGCCGGACTACNVGGGTWTCTAAT
BgBS90.Water.2	Water	Water	BgBS90_Water	2	BgBS90_Water_2	AGAGCCAAGAGC	TATGGTAATTGTGTGYCAGCMGCCGCGGTAA	AGTCAGCCAGCCGGACTACNVGGGTWTCTAAT
Ba.1.1	Ba	Ba	Ba_1	1	Ba_1_1	GGTGAGCAAGCA	TATGGTAATTGTGTGYCAGCMGCCGCGGTAA	AGTCAGCCAGCCGGACTACNVGGGTWTCTAAT
Ba.2.1	Ba	Ba	Ba_2	1	Ba_2_1	TAAATATACCCT	TATGGTAATTGTGTGYCAGCMGCCGCGGTAA	AGTCAGCCAGCCGGACTACNVGGGTWTCTAAT
Ba.3.1	Ba	Ba	Ba_3	1	Ba_3_1	TTGCGGACCCTA	TATGGTAATTGTGTGYCAGCMGCCGCGGTAA	AGTCAGCCAGCCGGACTACNVGGGTWTCTAAT
Ba.4.1	Ba	Ba	Ba_4	1	Ba_4_1	GTCGTCCAAATG	TATGGTAATTGTGTGYCAGCMGCCGCGGTAA	AGTCAGCCAGCCGGACTACNVGGGTWTCTAAT
Ba.5.1	Ba	Ba	Ba_5	1	Ba_5_1	TGCACAGTCGCT	TATGGTAATTGTGTGYCAGCMGCCGCGGTAA	AGTCAGCCAGCCGGACTACNVGGGTWTCTAAT
Ba.Water.1	Water	Water	Ba_Water	1	Ba_Water_1	TTACTGTGGCCG	TATGGTAATTGTGTGYCAGCMGCCGCGGTAA	AGTCAGCCAGCCGGACTACNVGGGTWTCTAAT
Ba.1.2	Ba	Ba	Ba_1	2	Ba_1_2	GGTTCATGAACA	TATGGTAATTGTGTGYCAGCMGCCGCGGTAA	AGTCAGCCAGCCGGACTACNVGGGTWTCTAAT
Ba.2.2	Ba	Ba	Ba_2	2	Ba_2_2	TAACAATAATTC	TATGGTAATTGTGTGYCAGCMGCCGCGGTAA	AGTCAGCCAGCCGGACTACNVGGGTWTCTAAT
Ba.3.2	Ba	Ba	Ba_3	2	Ba_3_2	CTTATTAAACGT	TATGGTAATTGTGTGYCAGCMGCCGCGGTAA	AGTCAGCCAGCCGGACTACNVGGGTWTCTAAT
Ba.4.2	Ba	Ba	Ba_4	2	Ba_4_2	GCTCGAAGATTC	TATGGTAATTGTGTGYCAGCMGCCGCGGTAA	AGTCAGCCAGCCGGACTACNVGGGTWTCTAAT
Ba.5.2	Ba	Ba	Ba_5	2	Ba_5_2	TATTTGATTGGT	TATGGTAATTGTGTGYCAGCMGCCGCGGTAA	AGTCAGCCAGCCGGACTACNVGGGTWTCTAAT
Ba.Water.2	Water	Water	Ba_Water	2	Ba_Water_2	TGTCAAAGTGAC	TATGGTAATTGTGTGYCAGCMGCCGCGGTAA	AGTCAGCCAGCCGGACTACNVGGGTWTCTAAT
